Name,Census_ProbFemale
Matthew,0.003489635
Brian,0.003920027
James,0.004512845
Chris,0.137914209
Tommie,0.336680483
Emerson,0.420713425
Stevie,0.416541862
Quinn,0.418137372
Reese,0.634657141
Taylor,0.741689871
Riley,0.493675536
Jessie,0.602536568
Kerry,0.494865146
Blair,0.475677656
Jackie,0.536111506
Jody,0.88282525
Elisha,0.511468242
Ashley,0.981767539
Mary,0.996332638
Rebecca,0.997178118
Emily,0.997893851
